1,17,3,"156","N",2009-12-03 18:25:40.327000000
2,1,2,"Uno","S",2013-08-14 17:15:54.810000000
3,1,2,"Palio","S",2009-11-30 17:33:58.233000000
4,1,3,"Siena ","S",
5,1,4,"Palio Weekend","S",2009-11-30 17:34:19.983000000
7,1,3,"Marea ","N",2009-12-03 18:00:22.373000000
8,1,4,"Marea Weekend","N",2009-12-03 18:00:55.140000000
9,1,5,"Fiorino ","S",
11,3,11,"Ranger Cab. Dupla","S",
12,3,11,"Ranger Cab. Estendida","N",2003-05-15 15:30:47.810000000
13,3,11,"Ranger Cab. Simples","S",
16,3,2,"Ka ","S",
17,3,11,"Courier ","S",
18,3,11,"F-250","S",2006-05-15 02:16:28.200000000
21,4,9,"Blazer","S",
22,4,11,"S10 Cabine Simples","S",
23,4,11,"S10 Cabine Dupla","S",
24,4,3,"Omega","S",
26,4,2,"Astra Hatch ","S",
27,4,3,"Astra Sedan ","S",
28,4,2,"Corsa Hatch","S",2009-11-30 17:35:04.890000000
29,4,3,"Classic","S",2013-05-07 13:31:12.170000000
32,4,3,"Vectra","S",
33,9,10,"Besta","N",2009-12-03 18:14:43.390000000
37,9,9,"Sportage","S",
43,18,1,"Caravan","N",2009-12-03 18:27:06.950000000
44,29,9,"Cherokee","S",
48,27,6,"F360","N",2009-12-03 18:45:42.640000000
49,27,6,"F456","N",2009-12-03 18:46:02.967000000
50,27,6,"F550","N",2009-12-03 18:46:31.280000000
51,37,6,"911","N",2009-12-03 19:09:46.373000000
55,37,7,"Boxster","N",2009-12-03 19:09:46.373000000
58,23,8,"Defender","S",2009-12-18 17:12:06.310000000
59,23,9,"Vogue","S",2012-02-14 10:42:26.903000000
60,19,1,"Evasion","N",2006-08-09 11:42:25.530000000
61,24,9,"Forester","S",
62,10,11,"Frontier","S",
67,22,1,"H1","N",2012-09-19 10:39:45.327000000
68,22,10,"H100","N",2012-09-19 10:39:51.433000000
70,24,3,"Impreza Sedan","S",2009-12-03 18:43:10.967000000
72,8,11,"L 200","S",
76,24,3,"Legacy","S",
83,8,9,"Pajero","S",
84,10,9,"Pathfinder","S",
87,35,3,"QUATTROPORTE","N",2009-12-03 19:08:31.030000000
89,14,3,"S40","N",2011-10-06 10:55:35.217000000
90,35,6,"3200 GT","N",2009-12-03 19:08:31.030000000
96,14,4,"V40","N",2009-12-03 18:21:59.733000000
97,14,4,"V70","N",2009-12-03 18:22:23.920000000
101,32,7,"XK","S",2010-05-31 11:53:31.687000000
105,5,1,"Sc‚nic","N",2011-09-30 14:55:11.403000000
107,5,3,"Laguna","N",2010-05-31 12:44:41.560000000
108,5,4,"Laguna Grand Tour ","N",2010-05-31 12:44:45.500000000
109,5,1,"Kangoo","N",2011-09-30 11:36:04.670000000
111,5,2,"Clio","S",
113,1,10,"Ducato","S",
114,7,3,"Classe C","S",
115,7,3,"Classe E","S",
116,7,3,"Classe S","S",
117,7,1,"Classe A","S",
118,7,4,"Classe C Touring ","S",
119,7,6,"Classe E Coup‚","S",2012-02-28 16:17:10.653000000
120,7,6,"CLK","N",2010-05-31 12:19:47.250000000
122,7,7,"Classe SLK","S",2012-02-13 11:01:00.857000000
123,7,7,"CLK Cabriolet","N",2010-05-31 12:19:50.827000000
124,7,9,"Classe M","S",
125,12,3,"Civic","S",2013-08-05 15:38:49.280000000
126,12,9,"CR-V","S",
127,11,3,"Camry","S",
129,11,3,"Corolla","S",
130,11,11,"Hilux Cab. Simples","S",
131,11,11,"Hilux Cab. Dupla","S",
132,11,9,"Hilux SW4","S",
133,11,9,"Rav 4","S",
150,2,6,"New Beetle","S",2009-11-30 17:15:10.013000000
151,2,2,"Golf","S",
152,2,10,"Kombi","S",
155,2,3,"Santana","N",2009-12-03 18:03:58.983000000
158,2,4,"Parati ","S",
159,2,11,"Saveiro","S",
160,2,2,"Gol G4","S",2012-02-06 12:11:32.403000000
162,2,3,"Passat","S",
163,2,4,"Passat Variant","S",
164,2,3,"Polo Classic","",2006-05-25 11:43:54.763000000
171,12,3,"Accord","S",
172,15,3,"Serie 3 - Sedan","S",2013-03-13 10:59:25.577000000
175,15,3,"Serie 5 - Sedan","S",2013-03-13 10:59:30.390000000
179,31,2,"A3","S",
180,31,3,"A4","S",
181,31,3,"A6","S",
182,31,3,"A8","N",2009-12-03 18:49:29.293000000
183,31,4,"A4 Avant","S",
184,31,4,"A6 Avant","S",
185,31,2,"S3","S",2009-12-15 12:23:11.310000000
186,31,3,"S4","N",2009-12-03 18:51:51.297000000
187,31,4,"S4 Avant","N",2009-12-03 18:51:51.297000000
188,31,3,"S8","N",2009-12-03 18:51:51.297000000
189,31,6,"TT","S",
190,17,3,"166","N",2009-12-03 18:26:05.187000000
192,6,2,"206 Hatch","S",
198,6,5,"Partner","S",
201,3,9,"Explorer","N",2010-05-31 11:04:36.170000000
202,5,2,"M‚gane Hatch","N",2006-06-02 11:30:47.607000000
203,5,3,"M‚gane Sedan","N",2011-09-30 14:31:53.903000000
205,5,5,"Kangoo Express","S",
206,4,10,"Trafic","N",2006-05-22 15:15:13.750000000
209,29,9,"Grand Cherokee","S",
214,6,10,"Boxer","S",
215,37,7,"911 Cabriolet","N",2009-12-03 19:09:46.373000000
216,24,4,"Impreza Wagon","S",2005-06-20 16:54:56.293000000
217,24,4,"Legacy Wagon","N",2009-12-03 18:43:31.013000000
218,24,4,"Outback","S",
222,13,3,"626","N",2009-12-03 18:20:35.123000000
225,14,6,"C70","N",2009-12-03 18:21:16.483000000
226,14,3,"S80","N",2011-10-06 10:55:13.187000000
231,14,7,"C70 Cabriolet","N",2011-10-06 10:56:49.043000000
233,4,2,"Celta","S",
234,5,3,"Clio Sedan","N",2011-09-30 11:48:19.640000000
235,3,2,"Focus Hatch ","S",
236,3,3,"Focus Sedan","S",
237,2,3,"Bora","S",
239,15,9,"X5","S",
241,31,3,"S6","S",2010-05-31 11:24:19.263000000
242,31,4,"S6 Avant","S",2010-05-31 11:24:24.090000000
243,31,4,"Allroad","N",2009-12-03 18:49:51.263000000
245,4,1,"Zafira","S",
246,78,7,"Buggy","N",2008-07-10 19:06:39.967000000
247,23,9,"Discovery","S",
248,19,1,"Xsara Picasso","S",
249,9,11,"Bongo","S",
251,1,1,"Doblo","S",2012-05-31 17:08:15.450000000
253,15,6,"Serie 3 - Coupˆ","S",2013-03-13 10:59:20.327000000
254,14,3,"S60","S",2011-03-03 14:31:30.013000000
255,19,3,"C5","S",
257,19,4,"C5 Tourer","S",2013-01-28 17:03:59.717000000
260,39,8,"T4","S",
261,7,6,"C Sportcoup‚","N",2009-12-03 18:10:59.077000000
263,18,9,"PT Cruiser","S",
264,3,2,"Fiesta Hatch","S",2007-06-26 15:08:56.750000000
265,2,2,"Polo","S",
266,17,2,"147","N",2009-12-03 18:25:23.890000000
267,6,2,"307 Hatch","S",
270,5,10,"Master","S",
272,4,1,"Meriva","S",
273,1,2,"Stilo","N",2011-09-28 11:17:35.280000000
275,2,3,"Polo Sedan","S",
277,7,6,"CL","N",2009-12-03 18:11:09.047000000
278,3,9,"Novo EcoSport","N",2013-04-04 11:41:57.043000000
279,15,7,"Z4","S",2003-03-27 10:44:05.937000000
280,6,7,"206 Coup‚ Cabriolet ","N",2010-05-31 12:35:07.793000000
282,6,4,"307 SW","S",2003-04-28 17:07:54.733000000
283,12,1,"New Fit","S",2012-04-04 16:42:11.250000000
284,19,2,"C3","S",2003-05-12 13:07:35.360000000
285,40,8,"CL244","N",2009-12-03 19:10:57.233000000
286,14,9,"XC90","S",2003-06-13 13:10:28.577000000
287,10,9,"X-Terra","S",2003-06-18 11:25:15.980000000
288,19,10,"Jumper","S",2003-07-11 12:10:15.500000000
290,32,3,"X-Type","N",2009-12-03 19:06:46.030000000
293,8,9,"Airtrek","N",2010-05-31 12:29:46.340000000
294,37,9,"Cayenne","N",2009-12-03 19:09:46.373000000
295,4,11,"Montana","S",2003-10-17 17:21:18.903000000
296,41,8,"Hummer","N",2009-12-03 19:11:28.093000000
297,41,9,"Lincoln","N",2009-12-03 19:11:28.093000000
298,41,9,"Cadillac","N",2009-12-03 19:11:28.093000000
299,2,2,"Fox","S",2013-08-01 11:11:00.263000000
300,41,11,"F-150 ","N",2009-12-03 19:11:28.093000000
301,11,9,"Land Cruiser","S",2006-05-13 18:09:23.513000000
302,11,4,"Corolla Fielder","N",2010-05-31 14:59:03.390000000
303,19,1,"C8 ","N",2006-08-09 11:42:03.797000000
304,15,9,"X3","S",2004-06-22 13:32:11.793000000
305,2,9,"Touareg ","S",2004-06-23 15:21:56.983000000
306,14,4,"V50","N",2011-10-06 10:55:23.983000000
307,23,9,"Freelander","S",2009-12-21 17:09:07.513000000
309,43,9,"Rexton","S",2010-05-31 14:53:06.467000000
310,31,3,"RS6","N",2009-12-03 18:50:27.157000000
312,31,4,"RS6 Avant","N",2009-12-03 18:50:42.937000000
314,47,2,"Spyder 550S ","S",2010-01-05 14:53:54.873000000
315,47,2,"Speedster","S",2010-06-10 15:23:43.903000000
316,3,3,"Fiesta Sedan","S",2007-06-20 17:26:22.297000000
317,10,6,"350 Z","S",2005-04-29 17:00:15.873000000
318,18,1,"Grand Caravan","N",2009-12-03 18:27:39.420000000
319,6,1,"807","N",2010-05-31 12:41:04.873000000
320,10,3,"Sentra","S",2005-04-29 17:02:42.327000000
321,6,7,"307 Coup‚ Cabriolet","N",2010-05-31 12:39:55.623000000
322,6,4,"206 SW ","N",2010-05-31 12:35:53.827000000
323,41,9,"Infiniti","N",2009-12-03 19:11:28.093000000
324,41,3,"CLS","N",2009-12-03 19:11:28.093000000
325,8,1,"Grandis","S",2005-04-29 17:02:42.327000000
326,8,3,"Galant","N",2009-12-03 18:13:30.437000000
327,34,3,"ES","S",2006-05-13 14:27:16.090000000
330,15,2,"Serie 1 - Hatch","S",2013-03-13 10:59:07.483000000
331,15,6,"Serie 6 - Coupˆ","S",2013-03-13 10:59:35.140000000
333,9,1,"Carnival","S",2005-05-23 16:44:32.950000000
334,9,3,"Opirus","S",2006-09-01 15:29:24.967000000
335,7,9,"Classe G","N",2010-05-31 12:17:25.310000000
336,10,9,"X-Trail","S",2005-08-05 17:54:59.670000000
337,6,3,"407 Sedan","S",2005-08-05 17:54:37.093000000
338,6,4,"407 SW","S",2005-08-05 17:54:37.093000000
339,34,3,"LS","S",2012-08-01 12:29:01.577000000
340,1,1,"Idea","S",2005-08-31 11:38:17.653000000
341,22,9,"Tucson","S",2005-11-24 10:47:27.653000000
342,3,3,"Fusion","S",2006-05-05 18:37:52.843000000
343,2,4,"SpaceFox","S",2006-05-10 12:33:45.747000000
344,2,3,"Apollo","",2006-05-11 18:32:56.560000000
345,2,2,"Brasilia","",2006-05-11 18:37:22.560000000
346,2,10,"Caravelle","",2006-05-11 18:39:40.327000000
347,2,10,"Eurovan","",2006-05-11 18:43:32.263000000
348,2,3,"Fusca","",2006-05-11 18:49:05.953000000
349,2,3,"Jetta","S",2006-08-04 14:38:21.607000000
350,2,3,"Logus","",2006-05-12 11:32:20.293000000
351,2,3,"Voyage","S",2008-12-03 11:40:39.683000000
352,2,4,"Variant","",2006-05-12 11:31:24.483000000
353,2,6,"SP2","",2006-05-11 18:56:32.500000000
354,2,2,"Pointer","",2006-05-12 11:32:04.233000000
355,4,9,"BONANZA","",2006-05-11 19:27:18.077000000
357,4,11,"C20","",2006-05-11 19:28:27.483000000
358,4,11,"D10","",2006-05-11 19:29:23.060000000
359,4,11,"D20","",2006-05-11 19:29:31.967000000
360,4,4,"IPANEMA","",2006-05-11 19:29:52.577000000
361,4,2,"KADETT","N",2010-07-19 11:50:10.307000000
362,4,2,"MONZA HATCH","",2006-05-11 19:30:55.513000000
363,4,3,"MONZA","",2006-05-11 19:31:09.937000000
365,4,11,"BRASINCA","",2006-05-11 19:36:37.390000000
366,4,6,"Calibra","",2006-05-11 19:38:36.390000000
369,4,3,"Caprice","",2006-05-11 19:41:53.123000000
370,4,4,"Caravan","",2006-05-11 19:43:24.607000000
371,4,6,"Cavalier","",2006-05-11 19:43:55.200000000
372,4,3,"Chevette","",2006-05-11 19:45:13.060000000
373,4,11,"Chevy 500","",2006-05-11 19:47:25.107000000
374,4,11,"Corsa Pick-Up","",2006-05-11 19:51:09.123000000
375,4,4,"Corsa Wagon","",2006-05-11 19:51:42.873000000
376,4,3,"Corsica","",2006-05-11 19:52:38.233000000
377,4,7,"Corvette","",2006-05-11 19:55:24.030000000
378,4,6,"Opala","",2006-05-11 20:00:48.983000000
379,22,9,"Santa Fe","S",2007-09-13 16:00:13.717000000
380,22,9,"Terracan","N",2008-02-07 19:14:11.840000000
381,22,3,"Sonata","S",2010-12-07 14:35:06.077000000
382,17,2,"145","N",2010-05-31 10:43:32.590000000
383,17,3,"155","",2006-05-13 12:27:40.607000000
384,17,3,"164","",2006-05-13 12:28:09.403000000
385,17,7,"Spider","",2006-05-13 12:29:03.060000000
386,12,3,"Legend","",2006-05-13 12:35:54.967000000
387,12,6,"Acura NSX","",2006-05-13 12:39:53.950000000
388,12,1,"Odyssey","",2006-05-13 12:42:39.437000000
389,12,9,"Passport","",2006-05-13 12:43:33.233000000
390,12,6,"Prelude","",2006-05-13 12:45:15.530000000
391,22,3,"Accent Sedan","",2006-05-31 15:43:13.733000000
392,22,1,"Atos","",2006-05-13 12:54:57.030000000
393,22,6,"Coupˆ FX","",2006-05-31 16:31:49.890000000
394,22,3,"Elantra","S",2011-09-26 16:21:07.013000000
395,22,3,"Excel","",2006-05-13 12:56:03.733000000
396,22,9,"Galloper","",2006-05-13 12:56:51.140000000
397,22,1,"Matrix","",2006-05-13 12:57:15.780000000
398,22,3,"Scoupe","",2006-05-13 12:58:23.560000000
399,22,11,"Porter","",2006-05-13 12:59:14.997000000
400,22,6,"Tiburon","",2006-05-13 13:00:17.920000000
401,22,1,"Trajet","",2006-05-13 13:01:05.590000000
403,32,3,"XJ","N",2009-12-16 16:08:37.530000000
405,29,8,"Wrangler","S",2009-12-03 18:47:37.560000000
406,9,11,"Ceres","",2006-05-13 13:30:45.187000000
407,33,8,"Niva","",2006-05-13 13:32:52.170000000
408,33,2,"Samara","",2006-05-13 13:33:01.997000000
409,33,3,"Laika","",2006-05-13 13:33:17.200000000
410,49,6,"Diablo","",2006-05-13 13:34:53.903000000
411,49,6,"Gallardo","",2006-05-13 13:35:27.497000000
412,49,6,"Murcielago","",2006-05-13 13:35:54.013000000
413,34,3,"GS","",2006-05-13 14:28:05.420000000
414,34,9,"RX","",2006-05-13 14:28:48.310000000
415,34,3,"SC","",2006-05-13 14:29:35.733000000
416,34,3,"Continental","",2006-05-13 14:30:23.093000000
417,45,3,"Mark VIII","",2006-05-13 14:31:25.110000000
418,45,3,"Continental","",2006-05-13 14:31:59.077000000
419,45,3,"LS","",2006-05-13 14:34:10.700000000
420,45,9,"Navigator","",2006-05-13 14:34:45.983000000
421,13,2,"323","",2006-05-13 14:38:30.607000000
422,13,3,"929","",2006-05-13 14:40:35.187000000
423,13,11,"B2500","",2006-05-13 14:48:14.590000000
424,13,3,"Millenia","",2006-05-13 14:49:00.170000000
425,13,6,"MX3","",2006-05-13 14:51:25.437000000
426,13,6,"Mx5","",2006-05-13 14:51:39.140000000
427,13,9,"RX7","",2006-05-13 14:53:02.810000000
428,7,10,"180 D","",2006-05-13 14:55:18.217000000
429,7,3,"190 D","",2006-05-13 14:57:42.857000000
430,7,3,"190 E","",2006-05-13 14:57:53.687000000
431,7,3,"230 E","",2006-05-13 14:59:03.280000000
432,7,3,"260 E","",2006-05-13 14:59:18.153000000
433,7,3,"280 SE","",2006-05-13 15:00:09.763000000
434,7,3,"300 SE","",2006-05-13 15:00:28.937000000
435,7,3,"300 Sel","",2006-05-13 15:00:55.717000000
436,7,4,"300 TE","",2006-05-13 15:01:40.047000000
437,7,3,"350 Sel","",2006-05-13 15:02:00.483000000
438,7,3,"500 E","",2006-05-13 15:02:53.733000000
439,7,3,"500 SE","",2006-05-13 15:03:13.107000000
440,7,3,"500 SEC","",2006-05-13 15:03:33.060000000
441,7,3,"500 SEL","",2006-05-13 15:03:48.170000000
442,7,6,"Classe SL","",2012-02-13 11:00:39.780000000
443,8,6,"3000 GT","",2006-05-13 15:09:42.653000000
444,8,2,"Colt","",2006-05-13 15:10:07.623000000
445,8,3,"Diamant","",2006-05-13 15:10:36.013000000
446,8,1,"Expo","",2006-05-13 15:12:12.077000000
447,8,10,"L 300","",2006-05-13 15:13:08.967000000
448,8,3,"Mirage","",2006-05-13 15:14:15.043000000
449,8,9,"Montero","",2006-05-13 15:15:11.967000000
450,10,6,"240 SX","",2006-05-13 15:27:49.717000000
451,10,6,"300 ZX","",2006-05-13 15:28:15.513000000
452,10,3,"Altima","",2006-05-13 15:28:43.187000000
453,10,11,"AX","",2006-05-13 15:29:43.687000000
454,10,11,"D21","",2006-05-13 15:30:08.903000000
455,10,11,"King Cab","",2006-05-13 15:31:37.263000000
456,10,2,"Micra","",2006-05-13 15:33:01.890000000
457,10,6,"NX","",2006-05-13 15:34:37.483000000
458,10,11,"Pick-up","",2006-05-13 15:38:01.857000000
459,10,1,"Quest","",2006-05-13 15:39:20.403000000
460,10,3,"Stanza","",2006-05-13 15:40:25.233000000
461,10,9,"Terrano","",2006-05-13 15:40:57.983000000
462,10,10,"Van","",2006-05-13 15:41:43.110000000
463,10,3,"Primera","",2006-05-13 15:42:14.250000000
464,10,9,"Murano","S",2006-11-13 16:49:22.107000000
465,10,3,"Maxima","",2006-05-13 15:43:12.030000000
466,10,3,"J30","S",2011-02-15 12:36:38.047000000
467,6,2,"205","",2006-05-13 15:52:10.483000000
468,6,2,"306","",2006-05-13 15:52:23.797000000
469,6,3,"405","",2006-05-13 15:52:52.110000000
470,6,3,"406","",2006-05-13 15:54:12.997000000
471,6,11,"504","",2006-05-13 15:54:54.857000000
472,6,3,"505","",2006-05-13 15:55:22.403000000
473,6,3,"605","",2006-05-13 15:56:27.327000000
474,48,6,"Firebird","",2006-05-13 15:58:56.187000000
475,48,6,"Formula 400","",2006-05-13 16:02:05.623000000
476,48,6,"Formula 401","",2006-05-13 16:02:26.717000000
477,48,6,"Formula 402","",2006-05-13 16:02:38.873000000
478,48,6,"GTO","",2006-05-13 16:02:56.577000000
479,48,6,"Trans Sport","",2006-05-13 16:03:21.340000000
480,48,7,"Solstice","",2006-05-13 16:03:56.530000000
481,37,6,"Cayman","N",2009-12-03 19:09:46.373000000
482,37,6,"928","N",2009-12-03 19:09:46.373000000
483,37,6,"968","N",2009-12-03 19:09:46.373000000
484,37,7,"968 Cabriolet","N",2009-12-03 19:09:46.373000000
485,50,6,"GTE","",2006-05-13 16:24:27.263000000
486,50,7,"GTS","",2006-05-13 16:25:36.577000000
487,50,6,"AMV","",2006-05-13 16:26:08.890000000
488,50,6,"GTB","",2006-05-13 16:26:25.687000000
489,50,6,"GTC","",2006-05-13 16:26:46.390000000
490,50,6,"GT","",2006-05-13 16:27:09.700000000
491,5,3,"19","",2006-05-13 16:29:18.157000000
492,5,3,"21","",2006-05-13 16:29:48.357000000
493,5,3,"Safrane","",2006-05-13 16:30:55.140000000
494,5,10,"Express","",2006-05-13 16:31:23.077000000
495,44,7,"Cornechi","",2006-05-13 16:33:26.030000000
496,44,7,"New Phantom","",2006-05-13 16:33:53.357000000
497,36,3,"Cordoba","",2006-05-13 16:34:44.420000000
498,36,2,"Ibiza","",2006-05-13 16:34:55.997000000
499,36,5,"Inca","",2006-05-13 16:35:20.530000000
500,42,6,"Fortwo","S",2009-12-03 19:12:03.983000000
501,42,6,"City","",2006-05-13 16:38:00.340000000
502,24,2,"Vivio","",2006-05-13 17:43:24.747000000
503,24,6,"SVX","",2006-05-13 17:44:02.733000000
504,25,3,"Baleno","",2006-05-13 17:58:00.200000000
505,25,9,"Grand Vitara","S",2010-05-31 14:54:57.750000000
506,25,8,"Samurai","",2006-05-13 17:58:53.340000000
507,25,9,"Sidekick","",2006-05-13 17:59:23.187000000
508,25,10,"Carry","",2006-05-13 18:00:20.107000000
509,25,2,"Swift","",2006-05-13 18:00:45.233000000
510,25,9,"Vitara","",2006-05-13 18:01:06.797000000
511,25,2,"Ignis","",2006-05-13 18:01:36.593000000
512,25,8,"Jimny","S",2010-05-31 14:55:27.200000000
513,25,4,"Wagon","",2006-05-13 18:02:30.857000000
514,11,6,"Supra","",2006-05-13 18:09:42.153000000
515,11,8,"Bandeirante","",2006-05-13 18:10:12.483000000
516,11,6,"Celica","",2006-05-13 18:10:48.687000000
517,11,3,"Corona","",2006-05-13 18:11:16.983000000
518,11,7,"MR-2","",2006-05-13 18:12:41.170000000
519,11,6,"Paseo","",2006-05-13 18:12:57.263000000
520,11,1,"Previa","",2006-05-13 18:13:52.747000000
521,11,11,"T-100","",2006-05-13 18:14:32.077000000
522,11,11,"Tundra","",2006-05-13 18:14:50.763000000
523,11,9,"4 Runner","",2006-05-13 18:15:41.780000000
524,14,3,"S70","",2006-05-13 18:17:48.467000000
525,14,3,"960","",2006-05-13 18:18:19.403000000
526,14,4,"940","",2006-05-13 18:18:32.170000000
527,14,3,"850","",2006-05-13 18:19:05.607000000
528,14,4,"850 SW","",2006-05-13 18:19:38.373000000
529,14,3,"460","",2006-05-13 18:19:58.077000000
530,14,3,"440","",2006-05-13 18:21:44.967000000
531,16,1,"Towner","",2006-05-13 18:24:52.077000000
532,16,10,"Topic","",2006-05-13 18:25:16.763000000
533,16,8,"Rocsta","",2006-05-13 18:25:35.857000000
534,16,10,"Hi-topic","",2006-05-13 18:26:10.060000000
535,16,9,"Galloper","",2006-05-13 18:26:55.090000000
536,16,10,"AM 825","",2006-05-13 18:27:23.890000000
537,31,3,"100","",2006-05-13 18:32:33.107000000
538,31,3,"80","",2006-05-13 18:32:44.590000000
539,31,4,"80 Avant","",2006-05-13 18:35:01.140000000
540,31,4,"100 Avant","",2006-05-13 18:38:25.780000000
541,31,4,"RS2","",2006-05-13 18:39:42.747000000
542,31,4,"RS4","",2006-05-13 18:40:00.840000000
545,2,4,"Quantum","",2006-05-14 19:43:55.293000000
546,15,7,"Serie 3 - Cabrio","S",2013-03-13 10:59:14.437000000
550,4,4,"Maraj¢","",2006-05-14 21:18:51.060000000
551,4,1,"Lumina","",2006-05-14 21:21:25.763000000
552,4,4,"Suprema","",2006-05-14 21:27:50.607000000
553,4,1,"Veraneio","",2006-05-14 21:28:26.997000000
554,4,9,"Grand Blazer","",2006-05-14 21:52:43.467000000
555,4,6,"Tigra","",2006-05-14 21:54:18.420000000
557,48,6,"Transam","",2006-05-14 21:58:17.513000000
558,46,11,"3500 HD","",2006-05-14 22:00:17.030000000
559,46,9,"Jimmy Blazer","",2006-05-14 22:03:06.360000000
560,46,11,"Cheyenne","",2006-05-14 22:02:23.310000000
561,46,11,"Sonoma","",2006-05-14 22:03:37.203000000
562,46,11,"Yukon","",2006-05-14 22:04:41.577000000
563,46,11,"Sierra","",2006-05-14 22:07:13.903000000
564,46,9,"Envoy","",2006-05-14 22:07:33.450000000
565,4,9,"Suburban","",2006-05-14 22:08:42.420000000
566,4,10,"Space Van","",2006-05-14 22:09:13.907000000
568,18,3,"300 C","S",2006-08-08 15:29:05.043000000
569,18,3,"300 M","",2006-08-08 14:26:14.187000000
570,18,3,"Cirrus","",2006-05-14 22:28:57.327000000
571,18,3,"Neon","",2006-05-14 22:30:04.170000000
573,18,3,"De Soto","",2006-05-14 22:31:07.797000000
574,18,3,"Le Baron","",2006-05-14 22:31:25.340000000
575,18,9,"Pacifica","",2006-05-14 22:31:46.513000000
576,18,3,"Sebring","",2006-05-14 22:32:14.233000000
577,18,3,"Stratus","",2006-05-14 22:32:35.247000000
578,18,1,"Town & Country","S",2009-12-03 18:28:13.090000000
579,18,3,"Vision","",2006-05-14 22:35:16.170000000
580,18,1,"Voyager","",2006-05-14 22:39:12.967000000
581,19,2,"Xsara","",2006-05-14 22:40:25.390000000
582,19,4,"Xsara Break","",2006-05-14 22:40:47.373000000
583,19,2,"Bx","",2006-05-14 22:42:17.030000000
585,19,2,"ZX","",2006-05-14 22:43:10.653000000
586,19,12,"XM","",2006-05-14 22:43:23.857000000
587,19,2,"Xantia","",2006-05-14 22:44:10.890000000
589,19,2,"AX","",2006-05-14 22:45:18.967000000
590,19,5,"Berlingo","N",2009-12-03 18:28:53.310000000
591,19,2,"3 CV","",2006-05-14 22:46:12.937000000
592,20,3,"Espero","",2006-05-14 22:53:01.717000000
593,20,2,"Lanos","",2006-05-14 22:53:13.450000000
594,20,3,"Lanos Sedan","",2006-05-14 22:53:30.203000000
595,20,4,"Nubira Wagon","",2006-05-14 22:54:08.030000000
596,20,3,"Nubira","",2006-05-14 22:54:17.483000000
597,20,3,"Leganza","",2006-05-14 22:55:11.590000000
598,20,3,"Prince","",2006-05-14 22:55:49.763000000
599,20,3,"Super Salon","",2006-05-14 22:58:01.983000000
600,20,2,"Racer","",2006-05-14 22:58:58.560000000
601,20,2,"Tico","",2006-05-14 22:59:18.577000000
602,21,3,"Applause","",2006-05-14 23:04:33.640000000
603,21,2,"Charade","",2006-05-14 23:05:58.293000000
604,21,2,"Cuore","",2006-05-14 23:06:21.890000000
605,21,8,"Feroza","",2006-05-14 23:06:36.780000000
606,21,1,"Gran Move","",2006-05-14 23:07:19.170000000
607,21,1,"Move Van","",2006-05-14 23:07:30.950000000
608,21,9,"Terios","",2006-05-14 23:08:35.700000000
609,30,11,"Dakota","",2006-05-14 23:18:42.873000000
610,30,9,"Durango","",2006-05-14 23:19:09.983000000
611,30,7,"Viper","",2006-05-14 23:22:12.590000000
612,30,1,"Avenger","",2006-05-14 23:23:12.530000000
613,30,3,"Charger","",2006-05-14 23:23:38.170000000
614,30,3,"Dart","",2006-05-14 23:24:00.700000000
615,30,3,"Intrepid","",2006-05-14 23:24:21.670000000
616,30,3,"Le Baron","",2006-05-14 23:24:38.043000000
617,30,3,"Magnum","",2006-05-14 23:24:55.577000000
618,30,3,"Polara","",2006-05-14 23:25:09.043000000
619,30,6,"Stealth","",2006-05-14 23:26:19.640000000
620,27,6,"348","",2006-05-14 23:33:53.500000000
621,27,6,"612","",2006-05-14 23:34:12.623000000
622,27,6,"Dino 246 GT","",2006-05-14 23:34:31.967000000
623,27,6,"Dino 308","",2006-05-14 23:34:56.293000000
624,27,6,"F355","",2006-05-14 23:35:20.450000000
625,27,6,"F355 F1","",2006-05-14 23:35:41.640000000
626,27,6,"F430","",2006-05-14 23:36:15.200000000
627,27,6,"F456 M","",2006-05-14 23:37:23.810000000
628,27,6,"F50","",2006-05-14 23:37:38.733000000
629,27,6,"F512 M","",2006-05-14 23:38:02.497000000
630,27,6,"F575 M","",2006-05-14 23:38:26.950000000
631,17,3,"1750","",2006-05-14 23:46:37.670000000
632,17,3,"2300 B","",2006-05-14 23:46:58.513000000
633,17,3,"2300 SL","",2006-05-14 23:47:11.123000000
634,17,3,"2300 TI","",2006-05-14 23:47:24.810000000
635,17,3,"2300 TI4","",2006-05-14 23:47:41.013000000
636,37,6,"914","N",2009-12-03 19:09:46.373000000
637,37,6,"944","N",2009-12-03 19:09:46.373000000
638,37,7,"Spyder 550","N",2009-12-03 19:09:46.373000000
639,37,7,"Spyder 500","N",2009-12-03 19:09:46.373000000
640,37,7,"Spyder 500","N",2009-12-03 19:09:46.373000000
641,1,6,"Bravo","S",2011-02-02 16:51:04.730000000
642,1,2,"Brava","",2006-05-15 00:06:31.247000000
644,1,3,"Duna","",2006-05-15 00:07:01.623000000
645,1,4,"Elba","",2006-05-15 00:07:14.840000000
646,1,3,"Oggi","",2006-05-15 00:07:27.357000000
647,1,4,"Panorama","",2006-05-15 00:07:41.450000000
648,1,3,"Premio","",2006-05-15 00:08:33.967000000
649,1,2,"Punto","S",2007-08-10 15:53:19.903000000
650,1,2,"Spazio","",2006-05-15 00:09:06.530000000
651,1,3,"Tempra","",2006-05-15 00:09:19.093000000
652,1,2,"Tipo","",2006-05-15 00:09:35.090000000
653,1,2,"147","N",2010-05-31 10:43:57.297000000
654,1,2,"124","",2006-05-15 00:11:43.077000000
655,1,6,"Coup‚","",2006-05-15 00:12:09.670000000
656,1,7,"Dardo","",2006-05-15 00:13:08.043000000
658,3,3,"Versailles","",2006-05-15 01:29:18.530000000
659,3,3,"Verona","",2006-05-15 01:29:34.733000000
660,3,3,"Taurus","",2006-05-15 01:29:54.653000000
661,3,4,"Taurus SW","",2009-11-30 18:16:08.450000000
662,3,4,"Royale","",2006-05-15 01:31:39.217000000
663,3,6,"Probe","",2006-05-15 01:31:53.997000000
664,3,11,"Pampa","",2006-05-15 01:48:07.703000000
665,3,1,"Aerostar","",2006-05-15 01:52:56.390000000
666,3,2,"Aspire","",2006-05-15 01:53:10.560000000
667,3,4,"Belina","",2006-05-15 01:53:23.967000000
668,3,3,"Corcel","",2006-05-15 01:54:08.857000000
669,3,2,"Escort","",2006-05-15 01:56:00.483000000
670,3,3,"Del Rey","",2006-05-15 02:04:21.810000000
671,3,4,"Del Rey Belina","",2006-05-15 02:06:54.047000000
672,3,4,"Del Rey Scala","",2006-05-15 02:08:05.187000000
673,3,3,"Landau","",2006-05-15 02:09:12.747000000
674,3,12,"Mustang","",2006-05-15 02:12:44.293000000
675,3,6,"Maverick","",2006-05-15 02:09:51.903000000
676,3,3,"Galaxie","",2006-05-15 02:13:09.030000000
677,3,8,"Jeep","",2006-05-15 02:13:52.420000000
678,3,11,"F-100","",2006-05-15 02:15:45.997000000
679,3,11,"F-1000","",2006-05-15 02:15:57.437000000
680,3,11,"F-150","",2006-05-15 02:29:50.310000000
681,3,11,"F-350","S",2009-01-22 15:08:59.933000000
682,3,11,"F-75","",2006-05-15 02:17:02.920000000
683,3,1,"Windstar","",2006-05-15 02:27:07.920000000
684,3,9,"Expedition","",2006-05-15 02:28:27.857000000
685,3,10,"Club Wagon","",2006-05-15 02:32:04.997000000
686,3,3,"Contour","",2006-05-15 02:33:46.607000000
687,3,7,"Cobra","",2006-05-15 02:35:38.250000000
688,3,3,"Crown Victoria","",2006-05-15 02:36:09.373000000
689,3,10,"Furglaine","",2006-05-15 02:36:37.983000000
690,3,10,"Ibiza","",2006-05-15 02:36:57.420000000
691,3,8,"Rural","",2006-05-15 02:37:47.373000000
692,3,6,"Thunderbird","",2006-05-15 02:38:11.467000000
693,4,11,"S10 Cabine Estendida","",2006-05-15 14:19:32.170000000
694,59,2,"Metro","",2006-05-19 09:42:16.293000000
695,73,1,"Grand Voyager","",2006-05-19 09:45:13.653000000
696,73,3,"Sundance","",2006-05-19 09:45:51.233000000
697,52,6,"Bianco S","",2006-05-19 09:47:56.950000000
698,55,4,"Vemaguet","",2006-05-19 09:50:28.890000000
699,55,3,"Belcar","",2006-05-19 09:50:45.610000000
700,55,3,"Candango","",2006-05-19 10:22:26.640000000
701,55,2,"Fissore","",2006-05-19 10:22:49.390000000
702,57,9,"Camper","",2006-05-19 10:28:03.497000000
703,60,9,"Tocantis","",2006-05-19 10:29:42.153000000
704,60,8,"Xavante","",2006-05-19 10:30:19.717000000
705,63,9,"Rodeo","",2006-05-19 10:47:02.623000000
706,63,9,"Hombre","",2006-05-19 10:49:47.483000000
707,63,9,"Trooper","",2006-05-19 10:50:22.657000000
708,63,9,"Impulse","",2006-05-19 10:51:33.793000000
709,63,9,"Amigo","",2006-05-19 10:51:49.950000000
710,71,7,"MP Lafer","",2006-05-19 10:53:56.700000000
711,77,8,"Jeep Willys","",2006-05-19 11:13:17.670000000
712,77,3,"Aero-Willys","",2006-05-19 11:07:27.200000000
713,77,8,"Rural","",2006-05-19 11:13:45.903000000
714,69,2,"Cooper","S",2010-05-31 12:24:47.357000000
715,69,2,"Morris","",2006-05-19 11:20:16.123000000
716,67,3,"Sable","",2006-05-19 11:25:35.983000000
717,67,3,"Cougar","",2006-05-19 11:25:56.873000000
718,67,3,"Mystique","",2006-05-19 11:59:52.793000000
719,67,1,"Villager","",2006-05-19 12:00:47.233000000
720,54,3,"Eldorado","",2006-05-19 16:50:13.623000000
721,54,3,"De Ville","",2006-06-05 19:18:02.013000000
722,54,3,"Seville","",2006-05-19 16:51:06.200000000
723,61,8,"H1","",2006-05-20 13:11:09.623000000
724,6,2,"106","",2006-05-26 13:09:19.217000000
725,6,3,"306 Sedan","",2006-05-26 13:13:13.827000000
726,6,4,"306 Break","",2006-05-26 13:13:55.047000000
727,6,6,"406 CoupŠ","",2006-05-26 13:25:37.513000000
728,6,4,"406 Break","",2006-05-26 13:28:04.890000000
729,6,3,"607","",2006-05-26 13:30:13.890000000
730,5,3,"Gordini","",2006-05-29 14:09:31.763000000
731,6,1,"806","",2006-05-31 15:38:03.280000000
732,22,2,"Accent","",2006-05-31 15:42:27.437000000
733,13,11,"B2200","",2006-05-31 15:48:12.827000000
735,9,1,"Carens","S",2009-09-15 18:20:28.153000000
736,9,3,"Clarus","",2006-05-31 16:06:34.577000000
737,9,4,"Clarus Wagon","",2006-05-31 16:07:25.060000000
738,36,4,"Cordoba Vario","",2006-05-31 16:19:44.030000000
739,8,6,"Eclipse","N",2010-05-31 12:29:59.577000000
740,8,3,"Lancer","S",2010-12-07 14:35:22.950000000
741,13,1,"MPV","",2006-05-31 17:00:34.467000000
742,13,3,"Proteg‚","",2006-05-31 17:08:16.390000000
743,9,3,"Sephia","",2006-05-31 17:18:26.373000000
744,9,3,"Shuma","",2006-05-31 17:19:28.403000000
745,4,11,"Silverado","",2006-05-31 17:20:37.857000000
746,8,1,"Space Wagon","",2006-05-31 17:22:38.560000000
747,4,9,"Tracker","S",2007-05-09 11:59:25.810000000
748,5,2,"Twingo","",2006-05-31 17:27:57.937000000
749,2,5,"Van","",2006-05-31 17:29:13.467000000
751,3,3,"Fiesta Street Sedan","",2006-05-31 17:36:30.997000000
752,51,3,"Brooklands","",2006-06-05 18:58:07.500000000
753,51,3,"Continental","",2006-06-05 18:58:32.827000000
754,51,3,"R","",2006-06-05 18:58:46.140000000
755,53,3,"Century","",2006-06-05 19:11:17.623000000
756,53,3,"Dinaflow","",2006-06-05 19:13:29.920000000
757,53,3,"Regal","",2006-06-05 19:13:42.467000000
758,53,7,"Roadster","",2006-06-05 19:15:56.280000000
759,53,3,"Skylark","",2006-06-05 19:16:18.907000000
760,54,3,"Brougham","",2006-06-05 19:18:24.607000000
761,54,3,"Limousine","",2006-06-05 19:18:40.793000000
762,47,7,"Super 90","S",2010-06-10 15:24:01.107000000
763,58,3,"2000","",2006-06-05 19:23:24.373000000
764,18,4,"300 C Touring","S",2006-08-08 15:29:43.530000000
765,7,1,"Classe B","S",2006-08-15 17:38:06.577000000
766,2,6,"Karmann Ghia Cupˆ","",2006-08-16 18:42:13.640000000
767,2,7,"Karmann Ghia Convers¡vel","",2006-08-16 18:43:10.293000000
768,6,3,"307 Sedan","S",2006-08-25 18:04:53.700000000
769,9,3,"Magentis","S",2006-09-01 17:22:10.950000000
771,19,2,"C4","S",2006-09-15 11:41:19.593000000
772,4,3,"Prisma","S",2006-10-23 15:39:00.217000000
773,23,9,"Sport","S",2012-02-14 10:41:33.217000000
774,31,9,"Q7","S",2006-11-13 19:00:39.827000000
775,5,4,"M‚gane Grand Tour","S",2006-12-04 19:44:38.747000000
776,39,11,"Pantanal","N",2009-12-03 19:10:27.357000000
777,31,7,"A4 Cabriolet","N",2009-12-03 18:49:01.200000000
778,29,9,"Commander","N",2009-12-03 18:47:21.293000000
779,19,3,"C6","N",2009-12-03 18:29:20.670000000
780,19,3,"C4 Pallas","S",2007-06-21 18:16:24.797000000
781,5,3,"Logan","S",2007-07-16 14:16:40.433000000
782,14,2,"C30","S",2007-07-02 18:07:37.967000000
783,10,2,"Tiida","S",2007-07-27 19:02:37.093000000
784,22,9,"Veracruz","S",2007-09-13 17:43:49.967000000
785,9,2,"Picanto","S",2007-10-08 14:01:05.780000000
786,4,2,"Vectra GT","S",2007-10-15 17:20:14.560000000
787,5,2,"Sandero","S",2008-02-07 18:48:45.030000000
788,22,3,"Azera","S",2008-02-07 19:07:31.340000000
789,56,8,"Engesa","N",2008-04-03 12:17:13.797000000
790,28,8,"Montez","N",2008-04-03 12:57:04.967000000
791,50,6,"AM4","N",2008-04-03 14:57:14
792,40,8,"CL-330","N",2008-04-03 16:24:42.670000000
793,4,11,"3100","N",2008-05-14 11:50:08.607000000
794,19,1,"C4 - Grand Picasso","S",2009-08-17 17:17:41.373000000
795,2,2,"Crossfox","S",2008-05-15 11:58:33.060000000
796,7,3,"230 S","",2008-06-12 11:42:45.467000000
797,7,3,"450 SEL","",2008-06-17 15:06:29.310000000
798,8,9,"Outlander","S",2009-10-23 12:00:33.543000000
799,2,4,"Jetta Variant","S",2010-05-31 15:02:46.653000000
800,5,1,"Grand Sc‚nic","S",2010-05-31 12:43:55.560000000
801,7,6,"Classe CLS","S",2010-07-06 16:40:45.193000000
802,5,6,"M‚gane Coup‚ Cabriolet","",2008-07-15 18:25:33.420000000
803,6,2,"207 Hatch","S",2009-06-19 15:04:24.937000000
804,6,4,"207 SW","S",2009-06-19 14:43:56.750000000
805,70,11,"BG-TRUCK","",2008-08-18 14:19:03.967000000
806,1,3,"Linea","S",2008-09-29 14:05:56.437000000
807,4,9,"Captiva Sport","S",2008-10-08 12:39:52.217000000
808,14,9,"XC70","N",2011-10-06 10:59:25.013000000
809,24,2,"Impreza","S",2008-10-14 13:38:40.733000000
810,24,2,"Tribeca","S",2008-10-15 20:19:26.577000000
811,6,3,"207 Sedan","S",2013-08-07 09:39:01.780000000
812,11,8,"FJ CRUISER","",2008-11-04 14:56:58.967000000
813,62,9,"FX35","S",2009-11-17 10:38:19.077000000
814,80,2,"M100 ","S",2009-01-13 14:56:46.093000000
815,80,9,"ULC ","S",2009-01-13 14:57:04.857000000
816,79,1,"Topic ","S",2009-01-20 15:42:27.263000000
817,79,1,"Towner ","S",2009-01-20 15:42:27.263000000
818,3,9,"Edge","S",2009-01-14 14:03:15.607000000
819,14,9,"XC60 ","S",2009-01-20 14:34:44.997000000
820,3,11,"F-4000","S",2009-01-22 15:09:13.983000000
821,61,8,"H3","",2009-01-21 15:37:41.827000000
822,10,2,"Livina","S",2009-03-31 17:37:31.797000000
823,5,3,"Symbol","S",2009-04-03 12:32:37.280000000
824,81,2,"F0","N",2009-06-04 11:02:01.730000000
825,81,3,"F3","N",2009-06-04 11:02:01.730000000
826,81,2,"F3R","N",2009-06-04 11:02:01.730000000
827,81,3,"F6","N",2009-06-04 11:02:01.730000000
828,15,9,"X6","S",2009-12-03 18:24:19.403000000
829,15,3,"Serie 7","S",2013-03-13 10:59:39.340000000
830,22,2,"I30","S",2009-08-18 14:46:45.843000000
831,6,4,"207 Escapade","S",2009-06-19 15:12:44.077000000
832,10,4,"Grand Livina","S",2009-07-02 10:15:29.513000000
833,9,1,"Mohave","S",2009-07-06 15:06:29.890000000
834,18,11,"Dodge RAM","N",2009-12-03 18:27:27.577000000
836,12,1,"City","S",2013-08-05 15:38:42.763000000
837,2,7,"EOS","S",2009-08-06 12:01:33.390000000
838,2,6,"Passat CC","S",2009-08-06 12:02:02.200000000
839,9,4,"Soul","S",2009-07-30 16:57:09.920000000
840,2,9,"Tiguan ","S",2009-08-06 12:02:19.247000000
841,82,11,"Chana Cargo","S",2009-08-06 16:49:13.717000000
842,82,11,"Chana Utility","S",2009-08-06 16:49:18.497000000
843,82,11,"Chana Family","S",2009-08-06 16:49:23.077000000
844,31,6,"A5","S",2009-08-14 11:51:21.373000000
845,31,9,"Q5","S",2009-08-14 12:46:11.530000000
846,31,7,"R8","S",2009-08-17 17:16:27.733000000
847,25,2,"SX4","S",2009-08-25 16:12:52.873000000
848,7,6,"Classe CLC ","S",2009-09-15 17:56:28.577000000
849,1,2,"500","S",2009-10-02 16:30:47.903000000
850,30,9,"Journey","S",2009-10-06 15:50:42.733000000
851,4,2,"Agile","S",2009-10-13 12:37:05.263000000
852,6,10,"Boxer Passageiro","S",2009-10-19 15:45:05.937000000
853,65,6,"H1","N",2009-10-29 12:24:21.687000000
854,15,7,"Serie 1 - Cabrio ","N",2013-03-13 10:59:01.280000000
855,83,5,"Daily FurgÆo","N",2009-12-03 19:20:51.920000000
856,7,9,"Classe GLK","S",2009-11-10 13:01:13.110000000
857,15,6,"Serie M","S",2013-03-13 10:59:48.357000000
858,84,9,"Mahindra SUV ","S",2009-11-16 12:14:28.640000000
859,84,11,"Mahindra Cabine Dupla ","S",2009-11-16 12:14:06.217000000
860,84,11,"Mahindra Cabine Simples ","S",2009-11-16 12:14:17.560000000
861,84,11,"Mahindra Chassi","S",2009-11-16 12:48:15.450000000
862,62,9,"FX50","S",2009-11-17 10:38:28.640000000
863,31,6,"TTS","S",2009-12-15 12:43:44.653000000
864,32,2,"XF","S",2010-05-31 11:53:14.047000000
865,7,1,"Sprinter","S",2010-03-05 13:36:28.780000000
866,4,6,"Camaro ","S",2010-03-02 13:31:58.607000000
867,85,8,"STARK ","S",2010-03-02 17:31:25.920000000
868,15,9,"X1","S",2010-03-03 17:39:58.733000000
869,86,11,"Jeep","N",2010-03-09 14:37:17.763000000
870,2,11,"Amarok","S",2010-03-17 12:33:48.750000000
872,43,9,"Action ","S",2010-05-31 14:52:40.123000000
873,43,9,"Kyron","S",2010-05-31 14:52:50.060000000
874,5,10,"Trafic","N",2010-04-09 11:45:48.013000000
875,6,11,"Hoggar","S",2010-05-03 15:05:43.607000000
876,87,3,"Cielo Sedan","S",2010-05-27 11:32:17.123000000
877,87,2,"Cielo Hatch","S",2010-05-27 11:32:21.250000000
878,87,11,"Tiggo","S",2010-05-27 11:32:25.890000000
879,87,1,"Face ","S",2010-05-27 11:32:33.750000000
880,22,9,"HR","S",2010-05-28 14:41:55.373000000
881,22,9,"IX35 ","S",2010-05-28 16:40:27.687000000
882,19,4,"C4 Picasso","S",2010-06-14 12:02:02.890000000
883,4,3,"Malibu","S",2010-06-15 10:59:19.687000000
884,7,6,"Classe CL","S",2010-07-07 14:49:09.757000000
886,19,1,"AirCross","S",2010-08-26 16:04:41.050000000
887,3,3,"New Fiesta Sedan","S",2011-12-13 15:16:07.187000000
888,9,3,"Cadenza","S",2011-07-06 17:47:24.763000000
889,6,4,"3008 ","S",2012-03-14 11:15:36.983000000
890,60,4,"Supermini","S",2010-11-17 10:31:44.920000000
891,5,3,"Fluence","S",2010-12-03 10:58:50.593000000
892,8,9,"ASX ","S",2012-03-14 11:15:59.590000000
893,5,4,"Grand Tour","S",2010-12-09 16:38:01.670000000
894,31,2,"A1","S",2010-12-15 16:18:07.250000000
895,31,6,"RS5 ","S",2010-12-15 16:18:15.967000000
896,15,3,"Serie E3","S",2013-03-13 10:59:44.060000000
897,88,2,"J3 ","S",2013-05-22 16:50:54.280000000
898,88,3,"J3 TURIN","S",2013-05-22 16:50:49.547000000
899,88,3,"J5 ","S",2013-05-22 16:50:58.687000000
900,88,1,"J6 ","S",2013-05-22 16:51:02.700000000
901,6,3,"408 Sedan","S",2011-02-21 14:01:21.450000000
902,10,3,"Tiida Sedan","S",2011-02-24 17:55:10.310000000
903,10,4,"Livina X-Gear","S",2011-02-24 17:54:56.717000000
904,31,3,"A7","S",2011-04-04 17:07:58.093000000
905,87,2,"QQ","S",2011-05-05 11:04:30.840000000
906,19,4,"C3 Picasso ","S",2011-05-26 10:43:56.263000000
907,7,9,"Classe GL ","S",2011-06-17 11:54:18.967000000
908,4,3,"Impala","N",2011-06-22 10:56:40.640000000
909,9,6,"Cerato Koup","S",2013-06-03 17:22:57.700000000
910,89,2,"320 LX","S",2011-08-18 10:09:47.043000000
911,89,3,"620 LX","S",2011-08-18 10:09:57.140000000
912,1,9,"Freemont ","S",2011-09-09 17:04:05.780000000
913,22,2,"Veloster","S",2011-09-26 16:20:49.950000000
914,10,2,"March ","S",2011-10-05 12:07:45.607000000
915,5,9,"Duster","S",2011-10-13 15:27:21.420000000
916,22,9,"HD 78","S",2011-10-20 14:39:08.763000000
917,3,2,"New Fiesta Hatch","S",2011-12-13 15:16:16.763000000
918,4,3,"Cruze","S",2011-10-31 17:27:16.340000000
919,10,3,"Versa","S",2011-11-03 13:39:29.530000000
920,6,6,"RCZ","S",2011-11-08 17:15:12.530000000
921,6,2,"207 Quiksilver","S",2011-11-16 12:41:00.750000000
922,4,3,"Cobalt ","S",2011-11-17 09:42:39.793000000
923,31,2,"RS3","S",2011-12-07 16:57:45.343000000
924,87,2,"S-18","S",2012-01-26 15:05:47.950000000
925,1,2,"Novo Uno","S",2012-02-06 11:45:46.420000000
926,2,4,"Spacecross","S",2012-02-06 11:57:10.090000000
927,2,2,"Novo Gol G6","S",2013-07-19 09:47:12.483000000
928,23,9,"Range Rover Evoque","S",2013-05-20 13:20:38.107000000
929,69,2,"One","S",2012-02-09 12:35:40.513000000
930,69,2,"Cooper Cabrio","S",2012-02-09 12:34:21.310000000
931,69,4,"Cooper Clubman","S",2012-02-09 12:34:42.670000000
932,69,9,"Countryman","S",2012-02-09 12:35:24.513000000
933,69,6,"Cooper Coup‚","S",2012-02-09 12:34:57.403000000
934,1,1,"Idea Adventure","S",2012-02-09 14:48:45.107000000
935,1,11,"Strada Adventure","S",2012-02-09 14:49:07.967000000
936,5,1,"Sandero Stepway","S",2012-02-09 14:48:14.903000000
937,30,11,"Ram 2500 ","S",2012-04-04 11:41:00.780000000
938,11,9,"SW4","",2012-02-09 17:47:09.687000000
939,7,6,"Classe C Coup‚","",2012-02-10 15:33:19.077000000
940,7,7,"Classe SLS ","",2012-02-13 11:00:52.857000000
941,6,2,"308 ","S",2012-02-16 14:25:02.310000000
942,22,4,"I30 CW","",2012-02-17 11:12:17.293000000
943,29,9,"Compass ","",2012-04-17 12:25:11.247000000
944,1,3,"Grand Siena","",2012-03-23 11:19:55.280000000
945,9,3,"Optima","S",2013-06-03 17:23:30.793000000
946,19,2,"DS3 ","",2012-05-23 10:47:19.200000000
947,1,5,"UNO","S",2012-06-04 16:33:01.250000000
948,1,11,"Strada Working","S",2013-04-17 11:26:20.467000000
949,1,11,"Strada Trekking","S",2012-05-31 17:02:29.293000000
950,1,1,"Doblo Cargo","S",2012-05-31 17:08:15.450000000
951,1,1,"Doblo Adventure","S",2012-05-31 17:08:15.450000000
952,6,3,"508 ","S",2012-06-01 12:07:02.687000000
953,31,9,"Q3","S",2012-06-06 11:09:28.670000000
954,4,2,"Sonic Hatch","S",2012-07-03 11:03:21.500000000
955,4,3,"Sonic Sedan","S",2012-07-03 11:04:28.827000000
956,4,1,"Spin","S",2012-07-03 11:34:14.153000000
958,6,6,"308 CC","S",2012-07-17 13:16:33.530000000
959,31,6,"S5 ","S",2012-07-27 11:57:15.340000000
960,31,7,"S5 ","S",2012-07-27 11:57:08.077000000
961,31,2,"S5 ","S",2012-07-27 11:57:21.640000000
962,34,2,"IS ","",2012-08-01 15:51:10.450000000
963,22,3,"Equus ","",2012-08-16 16:13:40.403000000
964,22,2,"Genesis ","",2012-08-16 16:14:09.467000000
966,11,2,"Etios Hatch","S",2013-08-01 11:11:39.670000000
967,11,3,"Etios Sedan","S",2013-08-01 11:11:49.360000000
968,14,4,"V60","S",2012-09-26 15:15:36.843000000
970,4,2,"Onix","",2012-11-06 11:54:50.653000000
971,4,2,"Cruze Sport6","S",2012-11-07 16:37:58.640000000
972,88,2,"J2","S",2013-05-22 16:50:44.420000000
973,19,2,"DS5","S",2013-01-29 16:41:30.890000000
974,4,9,"TrailBlazer","S",2013-01-29 16:40:57.340000000
975,1,1,"Adventure","S",2013-06-06 12:18:58.780000000
976,24,9,"New XV","",2013-02-20 15:53:39.590000000
977,90,2,"HB20","S",2013-02-26 11:20:49.903000000
978,2,2,"Novo Fusca","S",2013-02-26 11:18:18.763000000
979,19,6,"DS4","S",2013-02-27 16:56:30.250000000
980,90,3,"HB20S","S",2013-03-05 14:32:00.043000000
981,6,2,"208 ","S",2013-03-22 16:22:47.873000000
982,87,2,"Celer Hatch","S",2013-03-28 11:40:36.903000000
983,87,3,"Celer Sedan","S",2013-03-28 11:40:41.390000000
984,1,2,"Palio Fire","S",2013-06-06 12:23:36.530000000
985,89,9,"X60","S",2013-05-22 11:10:57.840000000
986,9,3,"New Cerato","S",2013-08-26 13:08:52.547000000
987,9,9,"New Sorento","S",2013-06-10 11:41:19.687000000
988,19,3,"C4 Lounge","",2013-08-15 17:37:00.077000000
